-- MySQL dump 10.13  Distrib 8.0.41, for Win64 (x86_64)
--
-- Host: localhost    Database: peli
-- ------------------------------------------------------
-- Server version	9.2.0

/*!40101 SET @OLD_CHARACTER_SET_CLIENT=@@CHARACTER_SET_CLIENT */;
/*!40101 SET @OLD_CHARACTER_SET_RESULTS=@@CHARACTER_SET_RESULTS */;
/*!40101 SET @OLD_COLLATION_CONNECTION=@@COLLATION_CONNECTION */;
/*!50503 SET NAMES utf8 */;
/*!40103 SET @OLD_TIME_ZONE=@@TIME_ZONE */;
/*!40103 SET TIME_ZONE='+00:00' */;
/*!40014 SET @OLD_UNIQUE_CHECKS=@@UNIQUE_CHECKS, UNIQUE_CHECKS=0 */;
/*!40014 SET @OLD_FOREIGN_KEY_CHECKS=@@FOREIGN_KEY_CHECKS, FOREIGN_KEY_CHECKS=0 */;
/*!40101 SET @OLD_SQL_MODE=@@SQL_MODE, SQL_MODE='NO_AUTO_VALUE_ON_ZERO' */;
/*!40111 SET @OLD_SQL_NOTES=@@SQL_NOTES, SQL_NOTES=0 */;

--
-- Table structure for table `anios`
--

DROP TABLE IF EXISTS `anios`;
/*!40101 SET @saved_cs_client     = @@character_set_client */;
/*!50503 SET character_set_client = utf8mb4 */;
CREATE TABLE `anios` (
  `id` int NOT NULL AUTO_INCREMENT,
  `anio` int DEFAULT NULL,
  PRIMARY KEY (`id`)
) ENGINE=InnoDB AUTO_INCREMENT=86 DEFAULT CHARSET=utf8mb4 COLLATE=utf8mb4_0900_ai_ci;
/*!40101 SET character_set_client = @saved_cs_client */;

--
-- Dumping data for table `anios`
--

LOCK TABLES `anios` WRITE;
/*!40000 ALTER TABLE `anios` DISABLE KEYS */;
INSERT INTO `anios` VALUES (1,1994),(2,1972),(3,2008),(4,1974),(5,1957),(6,2003),(7,1993),(8,2001),(9,1966),(10,2002),(11,1999),(12,2010),(13,1980),(14,1990),(15,2014),(16,1975),(17,1995),(18,1946),(19,1991),(20,1954),(21,1998),(22,1997),(23,1977),(24,1985),(25,2000),(26,2019),(27,1960),(28,1988),(29,2006),(30,1962),(31,2023),(32,1942),(33,2011),(34,1979),(35,1936),(36,1968),(37,2012),(38,1931),(39,2024),(40,1981),(41,2018),(42,1950),(43,1940),(44,2009),(45,1986),(46,2017),(47,1984),(48,1964),(49,1963),(50,2016),(51,1952),(52,1983),(53,2004),(54,1992),(55,1944),(56,1959),(57,1941),(58,1987),(59,1958),(60,2007),(61,1971),(62,1973),(63,1989),(64,1927),(65,1948),(66,2013),(67,2020),(68,1976),(69,2005),(70,1965),(71,1961),(72,1921),(73,2022),(74,1982),(75,1939),(76,2015),(77,1996),(78,2021),(79,1925),(80,1924),(81,1978),(82,1926),(83,1953),(84,1949),(85,1928);
/*!40000 ALTER TABLE `anios` ENABLE KEYS */;
UNLOCK TABLES;

--
-- Table structure for table `descripciones`
--

DROP TABLE IF EXISTS `descripciones`;
/*!40101 SET @saved_cs_client     = @@character_set_client */;
/*!50503 SET character_set_client = utf8mb4 */;
CREATE TABLE `descripciones` (
  `id` int NOT NULL AUTO_INCREMENT,
  `descripcion` varchar(300) DEFAULT NULL,
  PRIMARY KEY (`id`)
) ENGINE=InnoDB AUTO_INCREMENT=251 DEFAULT CHARSET=utf8mb4 COLLATE=utf8mb4_0900_ai_ci;
/*!40101 SET character_set_client = @saved_cs_client */;

--
-- Dumping data for table `descripciones`
--

LOCK TABLES `descripciones` WRITE;
/*!40000 ALTER TABLE `descripciones` DISABLE KEYS */;
INSERT INTO `descripciones` VALUES (1,'andy dufresne es encarcelado por matar a su esposa y al amante de esta. tras una dura adaptación, intenta mejorar las condiciones de la prisión y dar esperanza a sus compañeros.'),(2,'el envejecido patriarca de una dinastía del crimen organizado en la ciudad de nueva york de la posguerra transfiere el control de su imperio clandestino a su reacio hijo menor.'),(3,'cuando la amenaza conocida como el joker causa estragos y el caos en gotham city, batman debe aceptar una de las mayores pruebas psicológicas y físicas para luchar contra la injusticia.'),(4,'se retratan los inicios de la vida y la carrera de vito corleone en el nueva york de los años 20, mientras su hijo, michael, amplía y refuerza su control sobre el sindicato del crimen familiar.'),(5,'un miembro del jurado trata de evitar un error judicial obligando al resto del jurado a reconsiderar las pruebas.'),(6,'gandalf y aragorn lideran el mundo de los hombres contra la armada de sauron para distraer su atención de frodo y sam, quienes se aproximan al monte del destino con el anillo único.'),(7,'en la polonia ocupada por los alemanes durante la segunda guerra mundial, el industrial oskar schindler se preocupa por sus trabajadores judíos tras presenciar su persecución por los nazis.'),(8,'las vidas de dos mafiosos, un boxeador, la esposa de un gánster y un par de bandidos se entrelazan en cuatro historias de violencia y redención.'),(9,'un hobbit de la comarca y ocho compañeros emprenden un viaje para destruir el poderoso anillo único y salvar la tierra media del señor oscuro sauron.'),(10,'durante la guerra de secesión, tres cazarrecompensas se lanzan a la búsqueda de un tesoro que ninguno puede localizar sin la ayuda de los otros dos.'),(11,'las presidencias de kennedy y johnson, los acontecimientos de vietnam, el watergate y otros eventos históricos se desarrollan a través de la perspectiva de un hombre de alabama con un coeficiente intelectual de 75.'),(12,'mientras frodo y sam se acercan a mordor con la ayuda del astuto gollum, la comunidad dividida se enfrenta al nuevo aliado de sauron, saruman, y a sus hordas de isengard.'),(13,'un oficinista insomne y un fabricante de jabones forman un club de lucha clandestino que se convierte en mucho más.'),(14,'a un ladrón que roba secretos corporativos a través del uso de la tecnología de compartir sueños, se le da la tarea de implantar una idea en la mente de un jefe de una gran empresa.'),(15,'tras ser brutalmente dominados los rebeldes por el imperio en el planeta helado hoth, luke skywalker comienza su entrenamiento jedi con yoda, mientras sus amigos son perseguidos por darth vader y el cazarrecompensas boba fett.'),(16,'cuando una bella desconocida lleva al hacker neo a un inframundo prohibido, descubre la impactante verdad: la vida que conoce es un elaborado engaño de una ciberinteligencia malvada.'),(17,'la historia de henry hill y su vida en la mafia, abarcando su relación con su esposa karen hill y sus socios mafiosos jimmy conway y tommy devito en el sindicato del crimen italoamericano.'),(18,'un equipo de exploradores viaja a través de un agujero de gusano en el espacio en un intento de garantizar la supervivencia de la humanidad.'),(19,'un criminal alega locura para ser enviado a un centro de salud mental, donde se rebela contra la opresiva enfermera y moviliza a los pacientes, a quienes tienen atemorizados.'),(20,'dos detectives, un novato y un veterano, dan caza a un asesino en serie cuyo móvil son los siete pecados capitales.'),(21,'un ángel es enviado desde el cielo para ayudar a un hombre de negocios desesperadamente frustrado, mostrándole cómo habría sido la vida si él nunca hubiera existido.'),(22,'una joven cadete del fbi busca la ayuda de un asesino caníbal y manipulador encarcelado con el fin de atrapar a otro asesino en serie, un loco que despelleja a sus víctimas.'),(23,'un pueblo pobre atacado por bandidos recluta a siete samuráis desempleados para que les ayuden a defenderse.'),(24,'tras el desembarco de normandía, un grupo de soldados estadounidenses cruza las líneas enemigas para rescatar a un paracaidista cuyos hermanos han muerto en combate.'),(25,'en un barrio pobre de rio, los caminos de dos niños se cruzan mientras uno quiere ser fotógrafo y el otro capo.'),(26,'las vidas de los guardias del corredor de la muerte se ven afectadas por uno de sus reclusos: un hombre negro acusado de asesinato y violación de niños, pero que tiene un misterioso don.'),(27,'cuando un bibliotecario judío y su hijo se convierten en víctimas del holocausto, él usará una perfecta mezcla de voluntad, humor e imaginación para proteger a su hijo de los peligros en el campo de concentración.'),(28,'un cyborg, idéntico al que fracasó en su intento de matar a sarah connor, debe proteger ahora a su hijo adolescente john de un cyborg más avanzado y poderoso.'),(29,'luke skywalker une sus fuerzas con un caballero jedi, un piloto fanfarrón, un wookiee y dos droides para salvar a la galaxia de la estación espacial del imperio, a la vez que intenta rescatar a la princesa leia del malvado darth vader.'),(30,'marty mcfly, un estudiante de secundaria de 17 años, es enviado accidentalmente treinta años al pasado en un delorean que viaja en el tiempo, inventado por su gran amigo, el excéntrico científico doc brown.'),(31,'durante el traslado de su familia a los suburbios, una niña de 10 años de edad deambula por un mundo gobernado por dioses, brujas y espíritus, y donde los humanos se convierten en bestias.'),(32,'un músico judío polaco lucha por sobrevivir a la destrucción del gueto de varsovia durante la segunda guerra mundial.'),(33,'un exgeneral romano se propone vengarse del emperador corrupto que asesinó a su familia y lo envió a la esclavitud.'),(34,'la familia ki-taek, todos desempleados, se ve envuelta en un incidente con la rica y glamurosa familia parks.'),(35,'una secretaria de phoenix malversa cuarenta mil dólares de un cliente, se da a la fuga y se registra en un motel remoto administrado por un joven con una controladora madre.'),(36,'el pequeño león simba, príncipe heredero, es engañado por su malvado tío, quien desea el trono para sí mismo.'),(37,'un chico y su hermana pequeña intentan sobrevivir en japón durante la segunda guerra mundial.'),(38,'un policía de incógnito y un topo en el departamento de policía intentan identificarse el uno al otro mientras se infiltran en una banda irlandesa en el sur de boston.'),(39,'un joven y prometedor batería se inscribe en un competitivo conservatorio donde sus sueños de grandeza son guiados por un instructor que no se detiene ante nada para realizar el potencial de su estudiante.'),(40,'un viejo samurái ronin llega a la casa de un señor feudal y pide un lugar honorable donde poder suicidarse. pero cuando el ronin pregunta por un samurái más joven que llegó antes que él, los acontecimientos toman un rumbo inesperado.'),(41,'tras un trágico accidente, dos magos en el londres de 1890 se enfrentan para crear la ilusión definitiva, mientras sacrifican todo lo que tienen para superar al otro.'),(42,'un exmilitante de los skinheads neonazis intenta disuadir a su hermano pequeño de tomar las mismas malas decisiones que él tomó.'),(43,'leon, un asesino a sueldo profesional, se hace cargo con recelo de matilda, una niña de 12 años, cuando su familia es asesinada. leon y matilda entablan una inusual relación cuando ella se convierte en su protegida y aprende el oficio de asesina.'),(44,'miles morales conoce a un nuevo equipo de spider-people formado por héroes de diferentes dimensiones. pero cuando los héroes se enfrentan sobre cómo hacer frente a una nueva amenaza, miles se encuentra en una encrucijada.'),(45,'un cínico expatriado norteamericano, dueño de un café, se debate entre ayudar o no a su antigua amante y a su marido fugitivo a escapar de los nazis en el marruecos francés.'),(46,'el único superviviente de un terrible tiroteo en un barco relata los eventos que condujeron a esta masacre, empezando con cinco criminales que se encuentran aparentemente al azar en una selección policial de sospechosos habituales.'),(47,'un accidente de parapente deja a un aristócrata cuadripléjico, quien contrata a un joven de un barrio pobre para que sea su cuidador.'),(48,'un director de cine recuerda cómo en su infancia se enamoró del cine de su pueblo y entabló una profunda amistad con el proyeccionista.'),(49,'la tripulación de una nave espacial comercial se encuentra con una forma de vida mortal tras investigar una transmisión desconocida.'),(50,'una hombre y una joven sin hogar se enfrentan a la vida moderna en las calles de la sociedad industrial.'),(51,'un fotógrafo en silla de ruedas espía a sus vecinos desde la ventana de su apartamento en greenwich village, y se convence de que uno de ellos ha cometido un asesinato, a pesar del escepticismo de su novia, modelo de moda.'),(52,'un misterioso extraño con una armónica se alía con un famoso forajido para proteger a una bella viuda de un despiadado asesino que trabaja para el ferrocarril.'),(53,'con la ayuda de un cazarrecompensas alemán, un esclavo liberado se propone rescatar a su esposa de un brutal propietario de una plantación en misisipi.'),(54,'con la ayuda de un hombre adinerado, borracho e imprevisible, un ingenuo vagabundo que se ha enamorado de una florista ciega intenta conseguir dinero para poder proporcionarle ayuda médica.'),(55,'un oficial del ejército estadounidense que sirve en vietnam recibe el encargo de asesinar a un coronel renegado de las fuerzas especiales que se ve a sí mismo como un dios.'),(56,'el duque paul atreides se une a los fremen y comienza su entrenamiento para convertirse en muad\'dib, mientras trata de evitar el terrible futuro que ha previsto: una guerra santa en su nombre, esparciéndose por todo el universo conocido.'),(57,'en un futuro lejano, un pequeño robot recolector de residuos se embarca inadvertidamente en un viaje espacial que decidirá en última instancia el destino de la humanidad.'),(58,'un hombre con pérdida de memoria a corto plazo intenta encontrar al asesino de su esposa.'),(59,'en 1936, el arqueólogo y aventurero indiana jones es contratado por el gobierno de estados unidos para encontrar el arca de la alianza, antes de que los nazis de adolf hitler puedan obtener sus impresionantes poderes.'),(60,'en el este de berlín en 1984 un agente de la policía secreta vigilando a un escritor y su amante se encuentra cada vez más absorto en sus vidas.'),(61,'los vengadores y sus aliados estarán dispuestos a sacrificarlo todo para derrotar al poderoso thanos antes de que su devastación y ruina ponga fin al universo.'),(62,'un guionista es contratado para reescribir el guion de una estrella de cine mudo en decadencia y acaba desarrollando una peligrosa relación.'),(63,'el adolescente miles morales se convierte en el spider-man de su universo, y debe unirse a cinco individuos con poderes arácnidos de otras dimensiones para detener una amenaza para todas las realidades.'),(64,'un veterano abogado británico debe defender a su cliente en un juicio por asesinato en el que surge una sorpresa tras otra.'),(65,'tras negarse a atacar una posición enemiga, un general acusa a los soldados de cobardía y su oficial al mando debe defenderlos.'),(66,'una familia se dirige a un hotel aislado para pasar el invierno. allí, una presencia espiritual maligna violenta al padre, mientras el hijo, psíquico, tiene horripilantes visiones del pasado y del futuro.'),(67,'el dictador adenoid hynkel trata de expandir su imperio mientras un humilde barbero judío intenta escapar de la persecución del régimen de hynkel.'),(68,'la historia real del oficial del ips manoj kumar sharma y la oficial del irs shraddha joshi.'),(69,'en la francia ocupada por los nazis durante la segunda guerra mundial, un plan para asesinar a los líderes nazis por parte de un grupo de soldados judíos estadounidenses coincide con los planes vengativos de la dueña de un cine.'),(70,'cincuenta y siete años después de sobrevivir al ataque de su nave espacial por parte de despiadadas criaturas espaciales, la oficial ripley despierta del hipersueño e intenta advertir a todo el que quiera escuchar sobre los depredadores.'),(71,'ocho años después del reinado de anarquía del joker, batman, con la ayuda de la enigmática catwoman, se ve obligado a salir de su exilio para salvar a gotham city del brutal terrorista guerrillero bane.'),(72,'el aspirante a músico miguel le planta cara a la prohibición generacional de su familia a la música, y se adentra en la tierra de los muertos para encontrar a su tátara-tátara-abuelo, un legendario cantante.'),(73,'la vida, el éxito y los problemas de wolfgang amadeus mozart, contados por antonio salieri, el compositor contemporáneo que estaba tremendamente celoso de su talento y que afirmó haberle asesinado.'),(74,'un vaquero de juguete se encuentra celoso y amenazado cuando un nuevo juguete, un guardián espacial, se convierte en el favorito del niño al que pertenecen.'),(75,'después de que thanos haya aniquilado a la mitad del universo, los vengadores supervivientes deben hacer todo lo posible por deshacer tal atrocidad.'),(76,'will hunting, un conserje del mit, tiene un don para las matemáticas, pero necesita la ayuda de un psicólogo para encontrar el rumbo de su vida.'),(77,'tras ser secuestrado y aprisionado durante 15 años, oh dae-su es liberado y tiene 5 días para encontrar a su captor.'),(78,'un general enajenado provoca un potencial holocausto nuclear que una sala de guerra llena de políticos y generales intenta frenéticamente detener.'),(79,'el claustrofóbico mundo de un submarino de la segunda guerra mundial, lleno de aburrimiento, suciedad y terror.'),(80,'el guerrero escocés william wallace dirige a sus compatriotas en una rebelión para liberar a su patria de la tiranía del rey eduardo i de inglaterra.'),(81,'un padre de clase media sexualmente frustrado sufre una crisis de los 40 tras enamorarse de la mejor amiga de su hija.'),(82,'\"en un viaje para descubrir la cura de la maldición de tatarigami, ashitaka se encuentra en medio de una guerra entre los dioses del bosque y tatara, una colonia minera. en esta búsqueda también conoce a san, el mononoke hime.\"'),(83,'un ejecutivo de una empresa de calzado de yokohama se convierte en víctima de extorsión cuando el hijo de su chófer es secuestrado por error y retenido para pedir rescate.'),(84,'dos adolescentes se embarcan en su mutua búsqueda cuando cambian cuerpos por arte de magia.'),(85,'dos amigos buscan a su compañero perdido. recuerdan sus días de universidad y como su amigo les inspiró a pensar de forma diferente, incluso cuando el resto del mundo los llamó \"idiotas\".'),(86,'en gotham, arthur fleck, un comediante con problemas de salud mental, es marginado y maltratado por la sociedad. se adentra en una espiral de crimen y pronto conoce a su alter-ego, el joker.'),(87,'un exgánster judío de la época de la ley seca regresa al lower east side de manhattan más de treinta años después, donde una vez más debe enfrentarse a los fantasmas y arrepentimientos de su antigua vida.'),(88,'mientras cumple una condena de cinco años por un delito violento, un niño de 12 años demanda a sus padres por negligencia.'),(89,'una estrella del cine mudo se enamora de una corista justo cuando él y su compañero de pantalla intentan hacer la difícil transición al cine sonoro en el hollywood de los años 20.'),(90,'tras encontrar un viejo rifle, un joven se une al movimiento de resistencia soviético contra las despiadadas fuerzas alemanas y experimenta los horrores de la segunda guerra mundial.'),(91,'las utopías inducidas por las drogas de cuatro personas de coney island se vuelven añicos cuando su adicción les domina.'),(92,'tras rescatar a han solo de jabba el hutt, los rebeldes se dirigen a endor para destruir la segunda estrella de la muerte. mientras tanto, luke intenta ayudar a darth vader a volver del lado oscuro sin caer en la trampa del emperador.'),(93,'los juguetes terminan por error en una guardería en lugar del ático de andy, justo antes que este se vaya a la universidad. ahora dependerá de woody convencer a los otros juguetes de que no fueron abandonados y regresar a casa.'),(94,'un profesor vive una vida solitaria mientras lidia con la batalla por la custodia de su hijo. su suerte parece mejorar cuando encuentra el amor, pero pronto vera su vida echa añicos a causa de una pequeña mentira piadosa.'),(95,'un burócrata trata de encontrar el significado de la vida tras descubrir que tiene un cáncer terminal.'),(96,'cuando su relación se deteriora, una pareja se somete a un proceso médico para borrar el uno al otro de su memoria.'),(97,'a young and beautiful female teacher starts working in an all boys high school.'),(98,'tras su descubrimiento en áfrica hace varias generaciones, los misteriosos monolitos conducen a la humanidad a un impresionante viaje a júpiter, con la ayuda del superordenador hal 9000.'),(99,'los gemelos viajan a medio oriente para descubrir su historia familiar y cumplir los últimos deseos de su madre.'),(100,'cuando un sencillo robo de joyas acaba terriblemente mal, los delincuentes que sobreviven comienzan a sospechar que uno de ellos es informador de la policía.'),(101,'un agente de seguros de manhattan intenta ascender en su empresa dejando que sus ejecutivos utilicen su apartamento para tener citas, pero surgen complicaciones y un romance propio.'),(102,'la historia de t. e. lawrence, el oficial inglés que logró unir y dirigir a las diversas tribus árabes, a menudo enfrentadas, durante la primera guerra mundial para luchar contra los turcos.'),(103,'en el miami de 1980, un decidido inmigrante cubano se hace con un cártel de la droga y sucumbe a la codicia.'),(104,'un vendedor de seguros de los ángeles se deja seducir por un ama de casa para participar en un plan de fraude y asesinato que despierta las sospechas de su colega, un investigador.'),(105,'un grupo de ladrones profesionales de alto nivel empieza a sentir a la policía de los ángeles en los talones cuando, sin saberlo, deja una pista en su último atraco.'),(106,'un ejecutivo publicitario de nueva york se da a la fuga tras ser confundido con un agente del gobierno por un grupo de espías extranjeros, y se enamora de una mujer de cuya lealtad empieza a dudar.'),(107,'carl fredricksen, de 78 años, viaja a las cataratas paraíso en su casa equipada con globos, sin darse cuenta de que lleva a un polizón.'),(108,'tras la muerte de un magnate de la industria editorial, los periodistas se apresuran a descubrir el significado de la última palabra que pronunció.'),(109,'cuando la policía de una ciudad alemana no es capaz de atrapar a un asesino de niños, otros criminales deciden participar en la búsqueda.'),(110,'un marine estadounidense observa los efectos deshumanizadores que la guerra de vietnam tiene sobre sus compañeros, desde su brutal instrucción en el campo de entrenamiento hasta los sangrientos combates callejeros en hue.'),(111,'un antiguo detective de la policía de san francisco lucha contra sus demonios personales y se obsesiona con la inquietantemente bella mujer por la que ha sido contratado para seguirle el rastro, que podría estar profundamente perturbada.'),(112,'amélie es una chica inocente e ingenua en parís con su propio sentido de la justicia. decide ayudar a los que la rodean y, durante el proceso, descubre el amor.'),(113,'una pareja casada se enfrenta a una decisión difícil: mejorar la vida de su hijo mudándose a otro país o quedándose en irán y cuidando a un padre demente que padece de alzheimer.'),(114,'un niño de ocho años es visto como un alborotador y un vago, hasta que el nuevo maestro de arte tiene la paciencia y la compasión para descubrir el verdadero problema detrás de sus dificultades en la escuela.'),(115,'atticus finch, un abogado sureño durante la gran depresión, defiende a un hombre negro contra un falso cargo de violación.'),(116,'en el futuro, el sádico líder de una banda es encarcelado y se ofrece como voluntario para un experimento de reeducación, pero no sale según lo planeado.'),(117,'john mcclane, agente del departamento de policía de nueva york, intenta salvar a su mujer, holly gennaro, y a otras personas a las que el terrorista alemán, hans gruber, ha tomado como rehenes durante la fiesta navideña en el nakatomi plaza en los ángeles.'),(118,'en chicago, en septiembre de 1936, un joven estafador que busca vengarse de su socio asesinado se une a un maestro de la gran estafa para ganar una fortuna de un banquero criminal.'),(119,'en 1938, después de que su padre, el profesor henry jones, desapareciera mientras buscaba el santo grial, indiana jones se enfrenta de nuevo a los nazis de adolf hitler para impedir que obtengan sus poderes.'),(120,'la historia del científico j. robert oppenheimer y su rol en el desarrollo de la bomba atómica.'),(121,'en una ciudad futurista fuertemente dividida entre la clase obrera y los urbanistas, el hijo del cerebro de la ciudad se enamora de una profeta de la clase obrera que predice la llegada de un salvador para mediar sus diferencias.'),(122,'promotores de boxeo sin escrúpulos, editores violentos, un gánster ruso, ladrones amateur incompetentes, y joyeros supuestamente judíos se enfrentan para seguirle la pista a un preciado diamante robado.'),(123,'dos jóvenes soldados ingleses tienen una misión imposible durante la primera guerra mundial: entregar un mensaje tras las líneas enemigas para evitar que sus compañeros caigan en una trampa.'),(124,'a medida que la corrupción crece en los ángeles de los años 50, tres policías, uno de ellos de carácter estricto, otro brutal y otro sórdido, investigan una serie de asesinatos con su propio estilo de justicia.'),(125,'en la italia de posguerra, a un humilde trabajador le roban la bicicleta que ha comprado con gran esfuerzo y, desesperado, se lanza a buscarla con su hijo por toda la ciudad.'),(126,'la última secretaria de hitler relata sus últimos días en su bunker de berlín al final de la segunda guerra mundial.'),(127,'luchador mahavir y sus hijas luchadoras buscan la gloria contra la opresión social en los juegos de la commonwealth.'),(128,'basado en la historia real de jordan belfort, desde su ascenso a convertirse en un adinerado agente de bolsa viviendo la gran vida hasta su caída, que involucra el crimen, la corrupción y el gobierno federal.'),(129,'la historia de uno de los padres fundadores de los estados unidos y primer secretario del tesoro, alexander hamilton, rodada en directo en broadway con el reparto original.'),(130,'un veterano con problemas de salud mental trabaja como taxista en nueva york, donde su percepción de la decadencia a su alrededor alimenta su deseo de violencia.'),(131,'un portero italoamericano de clase obrera se convierte en el chófer de un pianista clásico afroamericano en una gira de locales por el sur de estados unidos en los años sesenta.'),(132,'tras entrenar con su mentor, batman comienza su lucha para liberar a gotham city de la corrupción.'),(133,'truman burbank es un hombre normal. lo que no sabe es que desde antes de nacer es el protagonista del mayor reality show mundial.'),(134,'dos cazarrecompensas con las mismas intenciones se asocian para seguir la pista a un forajido del oeste.'),(135,'en 1948, un tribunal estadounidense en la alemania ocupada juzga a cuatro nazis por crímenes de guerra.'),(136,'dos músicos son testigos de un crimen y se dan a la fuga disfrazados de mujeres en una banda femenina, pero las cosas se complican.'),(137,'en 1954, un marshal estadounidense investiga la desaparición de un asesino que se ha escapado de un hospital para criminales dementes.'),(138,'un vagabundo cuida de un niño abandonado, pero una serie de eventos comprometen su relación con él.'),(139,'un hombre rechaza toda la ayuda de su hija a medida que envejece. mientras intenta comprender lo que ocurre a su alrededor, comienza a dudar de sus seres queridos, de su mente e incluso de su propia realidad.'),(140,'una actriz de broadway acoge a una joven aspirante y no se da cuenta de que poco a poco esta la está reemplazando tanto en su vida profesional como personal.'),(141,'gracias al adn fosilizado en ámbar, john hammond da vida a varias especies de dinosaurios y crea jurassic park, un parque temático en una isla de costa rica. pero lo que parecía un sueño se convierte rápidamente en pesadilla.'),(142,'una historia sobre la familia, la religión, el odio, y la locura, en torno a un buscador de petróleo en los primeros días de esta industria.'),(143,'un niño que se comunica con los espíritus busca la ayuda de un descorazonado psicólogo infantil.'),(144,'una historia de codicia, engaño, dinero, poder y asesinato se produce entre dos buenos amigos: un mafioso y un director de casino compiten entre sí por un imperio de juego y por una mujer.'),(145,'en el japón medieval, un anciano caudillo se retira y entrega su imperio a sus tres hijos. sin embargo, subestima enormemente cómo el nuevo poder los corromperá y hará que se vuelvan unos contra otros - y contra él.'),(146,'después de más de treinta años de servicio como uno de los mejores aviadores de la armada, pete mitchell está donde pertenece, forzando los límites como valiente piloto de pruebas y esquivando el avance de rango que lo dejaría en tierra.'),(147,'la violencia y el caos se desatan después de que un cazador tropiece con un negocio de drogas que salió mal y con más de dos millones de dólares en efectivo cerca del río grande.'),(148,'un equipo de investigación en la antártida es perseguido por un alienígena que cambia de forma y asume la apariencia de sus víctimas.'),(149,'en la españa falangista de 1944, una joven aficionada a los libros e hijastra de un sádico oficial del ejército huye a un misterioso pero cautivador mundo de fantasía.'),(150,'el pistolero retirado del viejo oeste, bill munny, acepta a regañadientes un último trabajo, con la ayuda de su viejo compañero ned logan y de un joven.'),(151,'tras despertar de un coma de cuatro años, una antigua asesina se venga del equipo de asesinos que la traicionó.'),(152,'después de que john nash, un matemático brillante pero asocial, acepte un trabajo secreto en criptografía, su vida da un giro hacia la pesadilla.'),(153,'dos estadounidenses sin suerte, que buscan trabajo en el méxico de los años 20, convencen a un viejo minero para que les ayude a extraer oro en las montañas de sierra madre.'),(154,'cuando la hija de keller dover y su amiga desaparecen, él toma el caso en sus manos mientras la policía sigue múltiples pistas y aumenta la presión.'),(155,'un astuto samurái ronin llega a un pueblo dividido por dos bandas criminales y decide enfrentar a una contra otra para liberar el pueblo.'),(156,'cuando su hijo es capturado, un tímido pez payaso se embarca en un viaje para traerlo a casa.'),(157,'una joven sin confianza en sí misma es maldita con un cuerpo envejecido por una bruja odiosa. su única oportunidad de romper el hechizo es un joven brujo en un castillo ambulante.'),(158,'prisioneros de guerra aliados planean una elaborada fuga de varios cientos de ellos de un campo alemán durante la segunda guerra mundial.'),(159,'el rey arturo y sus caballeros de la mesa redonda se embarcan en una búsqueda surrealista y de bajo presupuesto del santo grial, encontrando muchos y muy absurdos obstáculos.'),(160,'un cirujano victoriano rescata a un hombre fuertemente desfigurado que es maltratado mientras se gana la vida como monstruo de feria. tras su monstruosa fachada, se revela una persona bondadosa, inteligente y sofisticada.'),(161,'un antiguo jugador de tenis incrimina a su rica esposa en un asesinato con objeto de quedarse con su fortuna y como venganza porque ella ha mantenido una aventura con otro hombre.'),(162,'un simple acto de bondad puede invitar a otro, incluso en lugares lejanos y fríos. jesper, el nuevo cartero de smeerensburg, entabla amistad con el juguetero klaus, derribando un viejo muro.'),(163,'una manipuladora belleza sureña y un pícaro aprovechado se enfrentan en un turbulento romance mientras la sociedad se desmorona con el fin de la esclavitud y se reconstruye durante los periodos de la guerra de secesión y la reconstrucción.'),(164,'un detective privado, contratado para desenmascarar a un adúltero en los ángeles de los años 30, se ve envuelto en una red de engaños, corrupción y asesinato.'),(165,'la violación de una novia y el asesinato de su marido samurái se rememoran desde las perspectivas de un bandido, la novia, el fantasma del samurái y un leñador.'),(166,'un asesor legal jubilado escribe una novela con la esperanza de cerrar uno de sus antiguos casos de homicidio, que sigue sin resolver, y superar el amor no correspondido que sentía por su jefa. décadas después, ambos recuerdos le siguen persiguiendo.'),(167,'una partida de cartas en londres desencadena un enfrentamiento entre cuatro amigos, plantadores de maría, gánsteres, prestamistas y recolectores de deudas en una serie de curiosos eventos, todo por algo de maría, dinero y dos viejas pistolas.'),(168,'en una futura tiranía británica, un tenebroso luchador por la libertad, conocido solo por el alias de \"v\", conspira para derrocarla con la ayuda de una joven.'),(169,'riley abandona sus raíces en el medio oeste cuando se muda a san francisco, donde sus emociones alegría, miedo, ira, asco y tristeza entran en conflicto mientras intenta acostumbrarse a la nueva ciudad, casa y escuela.'),(170,'una madre desafía a las autoridades locales a que resuelvan el asesinato de su hija cuando fracasan en encontrar al culpable.'),(171,'unos prisioneros de guerra británicos se ven obligados a construir un puente ferroviario sobre el río kwai para sus captores japoneses en la birmania ocupada, sin saber que las fuerzas aliadas están planeando destruirlo.'),(172,'con apenas 21 años, frank es un hábil falsificador que se ha hecho pasar por médico, abogado y piloto. el agente del fbi carl se obsesiona con seguir la pista del estafador, que disfruta con la persecución.'),(173,'renton, inmerso en el mundo de las drogas de edimburgo, intenta desintoxicarse.'),(174,'la vida del boxeador jake lamotta, que ve cómo la violencia y el temperamento que lo llevan a lo más alto en el ring, destruyen su vida fuera de él.'),(175,'la robot roz, que ha naufragado en una isla deshabitada, debe aprender a adaptarse al duro entorno, forjando poco a poco relaciones con la fauna local y convirtiéndose en madre adoptiva de una cría de ganso huérfana.'),(176,'los crímenes de jerry lundegaard se caen a pedazos gracias a la torpeza de sus hombres y al persistente trabajo de la oficial de policía marge gunderson.'),(177,'el hijo pequeño de un exboxeador alcohólico vuelve a casa, donde su padre le entrena para un torneo de artes marciales mixtas - un camino que le llevará a enfrentarse a su hermano mayor, del que se ha distanciado.'),(178,'harry, ron y hermione buscan los restantes horrocruxes de voldemort en su esfuerzo por destruir al señor oscuro, mientras la batalla final continúa en hogwarts.'),(179,'walt kowalski, taciturno veterano de la guerra de corea, intenta reformar a su vecino adolescente cuando este intenta robarle su posesión más preciada: un gran torino de 1972.'),(180,'una mujer llena de determinación se prepara para convertirse en profesional del boxeo con un entrenador con experiencia.'),(181,'después de que un príncipe judío sea traicionado y enviado a la esclavitud por un amigo romano, en la jerusalén del siglo i, recupera su libertad y vuelve para vengarse.'),(182,'en un páramo postapocalíptico, una mujer se rebela contra un gobernante tiránico en busca de su patria con la ayuda de un grupo de prisioneras, un adorador psicótico y un vagabundo llamado max.'),(183,'cuando dos jóvenes chicas se mudan al campo para estar cerca de su madre enferma, tienen aventuras con los maravillosos espíritus del bosque que viven cerca.'),(184,'un irlandés sin escrúpulos se gana el corazón de una viuda rica y asume la posición aristocrática de su marido muerto en la inglaterra del siglo xviii.'),(185,'el inconformista profesor john keating utiliza la poesía para animar a sus alumnos del internado a alcanzar nuevas cotas de autoexpresión.'),(186,'con la identidad de spider-man ahora revelada, peter recurre al doctor strange en busca de ayuda. algo sale mal y el multiverso se convierte en la mayor amenaza. ahora peter debe descubrir qué significa realmente ser spider-man.'),(187,'los zapatos de zohres se han perdido; su hermano mayor ali se los perdió. son pobres, no hay zapatos para zohre..... hasta que apareció una idea: compartirán un par de zapatos, la escuela de alis,espera. ¿logrará el plan?'),(188,'en los ee. uu. antes de la guerra, solomon northup, un hombre negro libre del estado de nueva york, es secuestrado y vendido como esclavo.'),(189,'el médico del ejército desmond t. doss, que sirvió durante la batalla de okinawa, se niega a matar y se convierte en el primer hombre de la historia de estados unidos que recibe la medalla de honor sin disparar un tiro.'),(190,'un joven y una mujer se conocen en un tren en europa y terminan pasando una noche juntos en viena. desafortunadamente, ambos saben que esta será probablemente la única noche que estén juntos.'),(191,'un escritor encuentra al propietario de un antiguo hotel de lujo, que le cuenta sus primeros años como botones en la época dorada del hotel, bajo la supervisión de un conserje excepcional.'),(192,'un blade runner debe encontrar y retirar a cuatro replicantes que robaron una nave en el espacio y han regresado a la tierra para encontrar a su creador.'),(193,'con la desaparición de su esposa convertida en el centro de un intenso circo mediático, un hombre ve cómo los focos se dirigen hacia él cuando se sospecha que podría no ser inocente.'),(194,'en una pequeña provincia coreana en 1986, tres detectives buscan al culpable de una serie de violaciones y asesinatos de mujeres jóvenes.'),(195,'una rata que sabe cocinar establece una inusual alianza con un joven trabajador de la cocina de un famoso restaurante de parís.'),(196,'dos monstruos, sulley y mike, trabajan en monstruos s.a. asustando niños para obtener energía. los monstruos piensan que los humanos son tóxicos y, cuando una niña entre en su mundo, ambos deberán enviarla a casa lo antes posible.'),(197,'la confesión forzada de un hombre sobre un atentado del ira que no cometió tuvo como resultado el encarcelamiento de su padre también. un abogado inglés lucha por liberar a ambos.'),(198,'un desventurado joven vikingo, que aspira a cazar dragones, se convierte en el improbable amigo de un joven dragón, y aprende que puede haber más en las criaturas de lo que suponía.'),(199,'seis historias cortas que exploran los confines del comportamiento humano.'),(200,'un buscador de oro viaja al klondike durante la fiebre del oro de 1890 con la esperanza de hacer fortuna y queda prendado de una chica que ve en un salón de baile.'),(201,'un proyeccionista de cine anhela ser detective, y pone en práctica sus escasas habilidades cuando es incriminado por un rival por robar el reloj de bolsillo del padre de su novia.'),(202,'cuando un tiburón asesino desata el caos en una comunidad playera de long island, el sheriff local, un biólogo marino y un viejo marinero deben dar caza a la bestia.'),(203,'\"primer largometraje del ganador del oscar adam elliot, \"\"mary and max\"\" narra la larga amistad por correspondencia entre un cuarentón judío y obeso de nueva york, y una niña australiana de 8 años que vive en los suburbios de melbourne. (filmaffinity)\"'),(204,'la verdadera historia de la batalla entre ford y ferrari para ganar le mans en 1966.'),(205,'un examen en profundidad de las formas en que la guerra de vietnam impacta y perturba las vidas de varios amigos en una pequeña ciudad siderúrgica de pensilvania.'),(206,'tras ser rechazado por el ejército confederado, sin darse cuenta de que se debía a su crucial papel civil, un ingeniero debe recuperar sin ayuda su querida locomotora después de que sea secuestrada por espías de la unión.'),(207,'en un ruinoso pueblo de américa del sur, contratan a cuatro hombres para el transporte urgente de un cargamento de nitroglicerina sin las condiciones necesarias de seguridad.'),(208,'un hombre ingenuo cubre una vacante en el senado de los estados unidos. sus planes chocan rápidamente con la corrupción política, pero él no se desalienta.'),(209,'un exluchador, convertido en estibador de nueva jersey, lucha por enfrentarse a sus corruptos jefes sindicales, incluido su hermano mayor, mientras empieza a conectar con la afligida hermana de una de las víctimas del sindicato.'),(210,'después de vivir una vida marcada por la frialdad, un profesor debe hacer frente en su vejez al vacío de su existencia.'),(211,'en el futuro cercano, un cansado logan cuida de un profesor x enfermo, en algún lugar de la frontera con méxico. sin embargo, los intentos de logan de esconderse del mundo y su legado se ven afectados cuando llega una joven mutante, perseguida por fuerzas oscuras.'),(212,'un boxeador poco conocido tiene la gran oportunidad de enfrentarse al campeón de los pesos pesados en un combate en el que espera estar a la altura y hacerse un nombre.'),(213,'el escritor de novelas pulp holly martins viaja a la sombría viena de la posguerra para investigar la misteriosa muerte de un viejo amigo, harry lime.'),(214,'un matrimonio de ancianos viaja a tokio a visitar a sus hijos pero encuentran indiferencia, ingratitud egoísmo y una marcada diferencia cultural. cuando los impacientes hijos envían a los ancianos de vuelta a casa, entramos en una profunda reflexión acerca de la mortalidad y la familia.'),(215,'la verdadera historia de cómo el boston globe destapo el gran escándalo de abuso infantil y encubrimiento dentro de la arquidiócesis católica local, sacudiendo el corazón mismo de la iglesia católica.'),(216,'jeff \"el nota\" lebowski, confundido con un millonario del mismo nombre, busca restitución por su dañada alfombra, y recluta a sus compañeros de bolos para ayudarlo.'),(217,'un androide aparentemente indestructible viaja desde el año 2029 hasta el año 1984 para asesinar a una camarera cuyo hijo no nacido liderará a la humanidad en una guerra contra las máquinas. se envía a un combatiente de esa guerra para que proteja a la mujer cueste lo que cueste.'),(218,'a barber seeks vengeance after his home is burglarized, cryptically telling police his \"lakshmi\" has been taken, leaving them uncertain if it\'s a person or object. his quest to recover the elusive \"lakshmi\" unfolds.'),(219,'el herrero will turner se une al excéntrico pirata jack sparrow para salvar a su amor, la hija del gobernador, de los antiguos aliados piratas de jack, que ahora son muertos vivientes.'),(220,'un hombre busca respuestas sobre la vida, la muerte y la existencia de dios mientras juega al ajedrez contra la muerte durante la peste negra.'),(221,'un niño es mantenido cautivo en una habitación con su madre desde su nacimiento, por lo que nunca ha conocido el mundo exterior.'),(222,'veinticuatro horas en la vida de tres jóvenes en los suburbios franceses un día después de un violento amotinamiento.'),(223,'un abogado lucha por los derechos territoriales de los pueblos tribales.'),(224,'paul rusesabagina fue un gerente de hotel que dio refugio a miles de refugiados tutsi durante sus esfuerzos contra la milicia hutu en ruanda.'),(225,'chris taylor, un recluta novato en vietnam, se encuentra atrapado en una batalla de voluntades entre dos sargentos, uno bueno y otro malo.'),(226,'tres veteranos de la segunda guerra mundial, dos de ellos traumatizados o discapacitados, regresan a casa en el medio oeste americano para descubrir que ellos y sus familias han cambiado irremediablemente.'),(227,'nueve años después de conocerse, jesse y celine se reencuentran durante la gira del libro de jesse en francia.'),(228,'una adolescente es poseída por una entidad malévola y su madre obtiene la ayuda de dos curas para que la liberen.'),(229,'una joven novicia es enviada por su convento en la austria de los años 30 para convertirse en institutriz de los siete hijos de un oficial de marina viudo.'),(230,'en 1431, juana de arco es juzgada por herejía. los juristas eclesiásticos intentan obligar a juana a retractarse de sus santas visiones.'),(231,'mientras intenta llevar una tranquila vida suburbana, una familia de superhéroes encubiertos se ve obligada a entrar en acción para salvar el mundo.'),(232,'la joven dorothy y su perro son arrastrados por un tornado desde kansas a la mágica tierra de oz, y se embarcan en una búsqueda con tres nuevos amigos para ver al mago, que puede devolverla a su hogar y cumplir los deseos de los demás.'),(233,'basado en las memorias más vendidas de marcelo rubens paiva, en las que su madre se ve obligada a hacer activismo cuando su esposo fue capturado por un régimen militar en brasil, en 1971.'),(234,'un profesor universitario crea un vínculo con un perro abandonado al que acoge.'),(235,'la despiadada rivalidad de los años setenta en la fórmula uno entre james hunt y niki lauda.'),(236,'tras la muerte de un amigo, un escritor recuerda un viaje de juventud para encontrar el cuerpo de un chico desaparecido.'),(237,'la familia de un periodista de izquierda queda destrozada tras el golpe militar de turquía en 1980.'),(238,'una cadena de televisión explota cínicamente los desvaríos y las revelaciones de un antiguo ¿miembro? sobre los medios de comunicación para su propio beneficio.'),(239,'un joven se hace amigo de un robot gigante del espacio exterior, que un paranoico agente del gobierno quiere destruir.'),(240,'una mujer es contratada como criada de una heredera japonesa, pero está involucrada en un complot secreto para estafarla.'),(241,'un joven es condenado al ostracismo por sus compañeros de clase tras intimidar a una chica sorda hasta el punto de hacerla cambiar de escuela. años más tarde, emprende el camino hacia la redención.'),(242,'en la década de los 50, el miedo y la violencia aumentan a medida que la gente de algiers lucha por la independencia del gobierno francés.'),(243,'durante la ocupación nazi de polonia, un grupo de actores se ve envuelto en las actividades de un soldado polaco que intenta encontrar a un espía alemán.'),(244,'una familia pobre del medio oeste se ve obligada a abandonar sus tierras. viajan a california, sufriendo las desgracias de los sin techo en la gran depresión.'),(245,'tras graduarse en la universidad de emory, el estudiante y atleta de élite christopher mccandless abandona sus posesiones, dona a la caridad la totalidad de sus ahorros y viaja en autostop a alaska para vivir en la naturaleza.'),(246,'un hombre del tiempo revive inexplicablemente el mismo día una y otra vez.'),(247,'un aspirante a autor durante el movimiento por los derechos civiles en los 60 decide escribir un libro des de la perspectiva de las asistentas domésticas afro-americanas sobre las familias blancas para las que trabajan.'),(248,'un horrible accidente automovilístico conecta tres historias, cada una de ellas con personajes que se enfrentan a la pérdida, el arrepentimiento y las duras realidades de la vida, todo ello en nombre del amor.'),(249,'un enfrentamiento entre sultan y shahid khan conduce a la expulsión de khan de wasseypur y enciende una enemistad mortal que abarca tres generaciones.'),(250,'un hombre toma medidas desesperadas que intentan salvar a su familia del lado oscuro de la ley, luego de que cometen un crimen inesperado.');
/*!40000 ALTER TABLE `descripciones` ENABLE KEYS */;
UNLOCK TABLES;

--
-- Table structure for table `duraciones`
--

DROP TABLE IF EXISTS `duraciones`;
/*!40101 SET @saved_cs_client     = @@character_set_client */;
/*!50503 SET character_set_client = utf8mb4 */;
CREATE TABLE `duraciones` (
  `id` int NOT NULL AUTO_INCREMENT,
  `minutos` float DEFAULT NULL,
  PRIMARY KEY (`id`)
) ENGINE=InnoDB AUTO_INCREMENT=245 DEFAULT CHARSET=utf8mb4 COLLATE=utf8mb4_0900_ai_ci;
/*!40101 SET character_set_client = @saved_cs_client */;

--
-- Dumping data for table `duraciones`
--

LOCK TABLES `duraciones` WRITE;
/*!40000 ALTER TABLE `duraciones` DISABLE KEYS */;
INSERT INTO `duraciones` VALUES (1,142),(2,175),(3,152),(4,202),(5,96),(6,201),(7,195),(8,154),(9,178),(10,182),(11,142),(12,179),(13,139),(14,148),(15,124),(16,136),(17,145),(18,169),(19,133),(20,127),(21,130),(22,118),(23,207),(24,169),(25,130),(26,189),(27,116),(28,137),(29,121),(30,116),(31,124),(32,150),(33,155),(34,132),(35,109),(36,88),(37,88),(38,151),(39,106),(40,133),(41,130),(42,119),(43,110),(44,140),(45,102),(46,106),(47,112),(48,174),(49,117),(50,87),(51,112),(52,166),(53,165),(54,87),(55,147),(56,166),(57,98),(58,113),(59,115),(60,137),(61,149),(62,110),(63,117),(64,116),(65,88),(66,146),(67,125),(68,147),(69,153),(70,137),(71,164),(72,105),(73,160),(74,81),(75,181),(76,126),(77,95),(78,149),(79,178),(80,122),(81,133),(82,143),(83,106),(84,170),(85,122),(86,229),(87,126),(88,103),(89,142),(90,102),(91,131),(92,103),(93,115),(94,143),(95,108),(96,95),(97,149),(98,131),(99,99),(100,125),(101,227),(102,170),(103,107),(104,170),(105,136),(106,96),(107,119),(108,117),(109,116),(110,128),(111,122),(112,123),(113,162),(114,129),(115,136),(116,132),(117,129),(118,127),(119,153),(120,104),(121,119),(122,138),(123,89),(124,156),(125,161),(126,160),(127,114),(128,130),(129,140),(130,103),(131,132),(132,179),(133,121),(134,138),(135,68),(136,97),(137,138),(138,127),(139,158),(140,107),(141,178),(142,160),(143,130),(144,122),(145,109),(146,118),(147,130),(148,111),(149,135),(150,126),(151,153),(152,110),(153,100),(154,119),(155,172),(156,91),(157,124),(158,105),(159,96),(160,238),(161,130),(162,88),(163,129),(164,107),(165,132),(166,95),(167,115),(168,161),(169,141),(170,93),(171,129),(172,102),(173,98),(174,140),(175,130),(176,116),(177,132),(178,212),(179,86),(180,185),(181,128),(182,148),(183,89),(184,134),(185,139),(186,101),(187,99),(188,117),(189,149),(190,131),(191,111),(192,92),(193,133),(194,98),(195,122),(196,95),(197,45),(198,124),(199,92),(200,152),(201,183),(202,78),(203,156),(204,129),(205,108),(206,92),(207,137),(208,104),(209,137),(210,129),(211,117),(212,107),(213,141),(214,143),(215,96),(216,118),(217,98),(218,164),(219,121),(220,170),(221,80),(222,122),(223,172),(224,110),(225,115),(226,102),(227,137),(228,93),(229,123),(230,89),(231,112),(232,121),(233,86),(234,145),(235,130),(236,121),(237,99),(238,129),(239,148),(240,101),(241,146),(242,154),(243,321),(244,163);
/*!40000 ALTER TABLE `duraciones` ENABLE KEYS */;
UNLOCK TABLES;

--
-- Table structure for table `peliculas`
--

DROP TABLE IF EXISTS `peliculas`;
/*!40101 SET @saved_cs_client     = @@character_set_client */;
/*!50503 SET character_set_client = utf8mb4 */;
CREATE TABLE `peliculas` (
  `id` int NOT NULL AUTO_INCREMENT,
  `nombre` varchar(200) DEFAULT NULL,
  `anio_id` int DEFAULT NULL,
  `rating_id` int DEFAULT NULL,
  `duracion_id` int DEFAULT NULL,
  `descripcion_id` int DEFAULT NULL,
  PRIMARY KEY (`id`),
  KEY `anio_id` (`anio_id`),
  KEY `rating_id` (`rating_id`),
  KEY `duracion_id` (`duracion_id`),
  KEY `descripcion_id` (`descripcion_id`),
  CONSTRAINT `peliculas_ibfk_1` FOREIGN KEY (`anio_id`) REFERENCES `anios` (`id`),
  CONSTRAINT `peliculas_ibfk_2` FOREIGN KEY (`rating_id`) REFERENCES `ratings` (`id`),
  CONSTRAINT `peliculas_ibfk_3` FOREIGN KEY (`duracion_id`) REFERENCES `duraciones` (`id`),
  CONSTRAINT `peliculas_ibfk_4` FOREIGN KEY (`descripcion_id`) REFERENCES `descripciones` (`id`)
) ENGINE=InnoDB AUTO_INCREMENT=251 DEFAULT CHARSET=utf8mb4 COLLATE=utf8mb4_0900_ai_ci;
/*!40101 SET character_set_client = @saved_cs_client */;

--
-- Dumping data for table `peliculas`
--

LOCK TABLES `peliculas` WRITE;
/*!40000 ALTER TABLE `peliculas` DISABLE KEYS */;
INSERT INTO `peliculas` VALUES (1,'Cadena perpetua',1,1,89,1),(2,'El padrino',2,2,2,2),(3,'El caballero oscuro',3,7,200,3),(4,'El padrino parte II',4,7,4,4),(5,'12 hombres sin piedad',5,7,215,5),(6,'El señor de los anillos: El retorno del rey',6,7,6,6),(7,'La lista de Schindler',7,7,7,7),(8,'Pulp Fiction',1,9,242,8),(9,'El señor de los anillos: La comunidad del anillo',8,9,141,9),(10,'El bueno, el feo y el malo',9,14,10,10),(11,'Forrest Gump',1,14,89,11),(12,'El señor de los anillos: Las dos torres',10,14,132,12),(13,'El club de la lucha',11,14,185,13),(14,'Origen',12,14,239,14),(15,'El imperio contraataca',13,97,198,15),(16,'Matrix',11,97,115,16),(17,'Uno de los nuestros',14,97,234,17),(18,'Interstellar',15,97,24,18),(19,'Alguien voló sobre el nido del cuco',16,97,193,19),(20,'Seven',17,223,138,20),(21,'Qué bello es vivir',18,223,235,21),(22,'El silencio de los corderos',19,223,216,22),(23,'Los siete samuráis',20,223,23,23),(24,'Salvar al soldado Ryan',21,223,24,24),(25,'Ciudad de Dios',10,223,235,25),(26,'La milla verde',11,223,26,26),(27,'La vida es bella',22,223,176,27),(28,'Terminator 2: El juicio final',19,223,227,28),(29,'La guerra de las galaxias',23,223,236,29),(30,'Regreso al futuro',24,56,176,30),(31,'El viaje de Chihiro',8,223,198,31),(32,'El pianista',10,56,32,32),(33,'Gladiator (El gladiador)',25,56,33,33),(34,'Parásitos',26,56,177,34),(35,'Psicosis',27,56,145,35),(36,'El rey león',1,56,162,36),(37,'La tumba de las luciérnagas',28,56,162,37),(38,'Infiltrados',29,56,38,38),(39,'Whiplash',15,56,83,39),(40,'Harakiri',30,223,193,40),(41,'El truco final (El prestigio)',29,56,235,41),(42,'American History X',21,56,154,42),(43,'El profesional (Léon)',1,56,224,43),(44,'Spider-Man: Cruzando el multiverso',31,56,174,44),(45,'Casablanca',32,56,226,45),(46,'Sospechosos habituales',17,56,83,46),(47,'Intocable',33,56,231,47),(48,'Cinema Paradiso',28,56,48,48),(49,'Alien, el octavo pasajero',34,56,211,49),(50,'Tiempos modernos',35,56,54,50),(51,'La ventana indiscreta',20,56,231,51),(52,'Hasta que llegó su hora',36,56,56,52),(53,'Django desencadenado',37,56,53,53),(54,'Luces de la ciudad',38,56,54,54),(55,'Apocalypse Now',34,218,68,55),(56,'Dune: Parte dos',39,56,56,56),(57,'WALL·E',3,218,217,57),(58,'Memento',25,218,58,58),(59,'En busca del arca perdida',40,218,225,59),(60,'La vida de los otros',29,218,227,60),(61,'Vengadores: Infinity War',41,218,189,61),(62,'El crepúsculo de los dioses',42,218,224,62),(63,'Spider-Man: Un nuevo universo',41,218,211,63),(64,'Testigo de cargo',5,218,176,64),(65,'Senderos de gloria',5,218,162,65),(66,'El resplandor',13,218,241,66),(67,'El gran dictador',43,218,100,67),(68,'12th Fail',31,97,68,68),(69,'Malditos bastardos',44,218,151,69),(70,'Aliens: El regreso',45,218,227,70),(71,'El caballero oscuro: La leyenda renace',37,218,218,71),(72,'Coco',46,218,158,72),(73,'Amadeus',47,218,142,73),(74,'Toy Story',17,135,74,74),(75,'Vengadores: Endgame',26,218,75,75),(76,'El indomable Will Hunting',22,135,150,76),(77,'Old Boy',6,135,NULL,77),(78,'¿Teléfono rojo? Volamos hacia Moscú',48,135,196,78),(79,'El submarino (Das Boot)',40,218,189,79),(80,'Braveheart',17,135,141,80),(81,'American Beauty',11,135,222,81),(82,'La princesa Mononoke',22,135,193,82),(83,'El infierno del odio',49,218,214,83),(84,'Your Name.',50,218,83,84),(85,'3 Idiots',44,218,220,85),(86,'Joker',26,135,222,86),(87,'Érase una vez en América',47,135,86,87),(88,'Cafarnaúm',41,218,150,88),(89,'Cantando bajo la lluvia',51,135,130,89),(90,'Masacre (Ven y mira)',24,135,89,90),(91,'Réquiem por un sueño',25,135,226,91),(92,'El retorno del jedi',52,135,190,92),(93,'Toy Story 3',12,135,130,93),(94,'La caza de Thomas Vinterberg',37,135,225,94),(95,'Vivir',51,135,214,95),(96,'¡Olvídate de mí!',53,135,205,96),(97,'Hababam Sinifi: Sinifta Kaldi',16,97,196,97),(98,'2001: Una odisea del espacio',36,135,189,98),(99,'Incendios',12,135,190,99),(100,'Reservoir Dogs',54,135,237,100),(101,'El apartamento',27,135,100,101),(102,'Lawrence de Arabia',30,135,101,102),(103,'El precio del poder',52,135,220,103),(104,'Perdición',55,135,212,104),(105,'Heat',17,135,220,105),(106,'Con la muerte en los talones',56,135,115,106),(107,'Up',44,135,215,107),(108,'Ciudadano Kane',57,135,154,108),(109,'M, el vampiro de Düsseldorf',38,135,211,109),(110,'La chaqueta metálica',58,250,176,110),(111,'Vértigo (De entre los muertos)',59,250,181,111),(112,'Amélie',8,135,222,112),(113,'Nader y Simin, una separación',33,135,229,113),(114,'Taare Zameen Par',60,135,113,114),(115,'Matar a un ruiseñor',30,135,238,115),(116,'La naranja mecánica',61,250,115,116),(117,'Jungla de cristal',28,250,177,117),(118,'El golpe',62,250,238,118),(119,'Indiana Jones y la última cruzada',63,250,138,119),(120,'Oppenheimer',31,135,NULL,120),(121,'Metrópolis',64,135,151,121),(122,'Snatch. Cerdos y diamantes',25,250,208,122),(123,'1917',26,250,154,123),(124,'L.A. Confidential',22,250,137,124),(125,'Ladrón de bicicletas',65,250,230,125),(126,'El hundimiento',53,250,203,126),(127,'Dangal',50,135,168,127),(128,'El lobo de Wall Street',66,250,NULL,128),(129,'Hamilton',67,135,142,129),(130,'Taxi Driver',68,250,127,130),(131,'Green Book',41,250,235,131),(132,'Batman Begins',69,250,174,132),(133,'El show de Truman',21,250,130,133),(134,'La muerte tenía un precio',70,250,177,134),(135,'Vencedores o vencidos',71,135,132,135),(136,'Con faldas y a lo loco',56,250,236,136),(137,'Shutter Island',12,250,137,137),(138,'El chico',72,250,135,138),(139,'El padre',67,250,136,139),(140,'Eva al desnudo',42,250,137,140),(141,'Jurassic Park (Parque Jurásico)',7,250,138,141),(142,'Pozos de ambición',60,250,139,142),(143,'El sexto sentido',11,250,212,143),(144,'Casino',17,250,141,144),(145,'Ran',24,250,142,145),(146,'Top Gun: Maverick',73,250,235,146),(147,'No es país para viejos',60,250,222,147),(148,'La cosa (El enigma de otro mundo)',74,250,145,148),(149,'El laberinto del fauno',29,250,216,149),(150,'Sin perdón',54,250,235,150),(151,'Kill Bill: Volumen 1',6,250,191,151),(152,'Una mente maravillosa',8,250,149,152),(153,'El tesoro de Sierra Madre',65,250,150,153),(154,'Prisioneros',66,250,151,154),(155,'Yojimbo',71,250,224,155),(156,'Buscando a Nemo',6,250,153,156),(157,'El castillo ambulante',53,250,154,157),(158,'La gran evasión',49,250,223,158),(159,'Los caballeros de la mesa cuadrada y sus locos seguidores',16,250,156,159),(160,'El hombre elefante',13,250,198,160),(161,'Crimen perfecto',20,250,158,161),(162,'Klaus',26,250,215,162),(163,'Lo que el viento se llevó',75,250,160,163),(164,'Chinatown',4,247,235,164),(165,'Rashomon',42,250,162,165),(166,'El secreto de sus ojos',44,250,238,166),(167,'Lock & Stock',21,247,212,167),(168,'V de vendetta',69,247,177,168),(169,'Del revés',76,247,196,169),(170,'Tres anuncios en las afueras',46,247,225,170),(171,'El puente sobre el río Kwai',5,247,168,171),(172,'Atrápame si puedes',10,247,213,172),(173,'Trainspotting',77,247,228,173),(174,'Toro salvaje',13,247,238,174),(175,'Robot salvaje',39,250,226,175),(176,'Fargo',77,247,217,176),(177,'Warrior',33,247,174,177),(178,'Harry Potter y las Reliquias de la Muerte: Parte 2',33,247,235,178),(179,'Gran Torino',3,247,176,179),(180,'Million Dollar Baby',53,247,177,180),(181,'Ben-Hur',56,247,178,181),(182,'Mad Max: Furia en la carretera',76,247,NULL,182),(183,'Mi vecino Totoro',28,247,233,183),(184,'Barry Lyndon',16,247,180,184),(185,'El club de los poetas muertos',63,247,181,185),(186,'Spider-Man: No Way Home',78,250,239,186),(187,'Children of Heaven',22,250,230,187),(188,'12 años de esclavitud',66,247,184,188),(189,'Hasta el último hombre (Hacksaw Ridge)',50,247,185,189),(190,'Antes de amanecer',17,247,240,190),(191,'El gran hotel Budapest',15,247,237,191),(192,'Blade Runner',74,247,211,192),(193,'Perdida',15,247,189,193),(194,'Memories of Murder (Crónica de un asesino en serie)',6,247,190,194),(195,'Ratatouille',60,247,191,195),(196,'Monstruos, S.A.',8,247,206,196),(197,'En el nombre del padre',7,247,193,197),(198,'How to Train Your Dragon',12,247,217,198),(199,'Relatos salvajes',15,247,222,199),(200,'La quimera del oro',79,247,196,200),(201,'El moderno Sherlock Holmes',80,250,197,201),(202,'Tiburón',16,247,198,202),(203,'Mary and Max',44,247,206,203),(204,'Le Mans \'66',26,247,200,204),(205,'El cazador',81,247,201,205),(206,'El maquinista de La General',82,247,202,206),(207,'El salario del miedo',83,247,203,207),(208,'Caballero sin espada',75,247,238,208),(209,'La ley del silencio',20,247,205,209),(210,'Fresas salvajes',5,247,206,210),(211,'Logan',46,247,227,211),(212,'Rocky',68,247,NULL,212),(213,'El tercer hombre',84,247,208,213),(214,'Cuentos de Tokio',83,247,227,214),(215,'Spotlight',76,247,238,215),(216,'El gran Lebowski',21,247,211,216),(217,'Terminator',47,247,212,217),(218,'Maharaja',39,218,213,218),(219,'Piratas del Caribe: La maldición de la Perla Negra',6,247,214,219),(220,'El séptimo sello',5,247,215,220),(221,'La habitación',76,247,216,221),(222,'El odio',17,247,217,222),(223,'Jai Bhim',78,223,218,223),(224,'Hotel Rwanda',53,247,236,224),(225,'Platoon',45,247,NULL,225),(226,'Los mejores años de nuestra vida',18,247,220,226),(227,'Antes del atardecer',53,247,221,227),(228,'El exorcista',62,247,222,228),(229,'Sonrisas y lágrimas',70,247,223,229),(230,'La pasión de Juana de Arco',85,247,224,230),(231,'Los Increíbles',53,248,225,231),(232,'El mago de Oz',75,247,226,232),(233,'Aún estoy aquí',39,250,227,233),(234,'Siempre a tu lado (Hachiko)',44,247,228,234),(235,'Rush',66,247,229,235),(236,'Cuenta conmigo',45,247,230,236),(237,'Mi padre y mi hijo',69,250,231,237),(238,'Network, un mundo implacable',68,247,236,238),(239,'El gigante de hierro',11,247,233,239),(240,'La doncella',50,247,234,240),(241,'A Silent Voice',50,247,235,241),(242,'La batalla de Argel',9,247,236,242),(243,'Ser o no ser',32,247,237,243),(244,'Las uvas de la ira',43,247,238,244),(245,'Hacia rutas salvajes',60,248,239,245),(246,'Atrapado en el tiempo',7,248,240,246),(247,'Criadas y señoras (The Help)',33,247,241,247),(248,'Amores perros',25,248,242,248),(249,'Gangs of Wasseypur',37,250,243,249),(250,'Drishyam',76,250,244,250);
/*!40000 ALTER TABLE `peliculas` ENABLE KEYS */;
UNLOCK TABLES;

--
-- Table structure for table `ratings`
--

DROP TABLE IF EXISTS `ratings`;
/*!40101 SET @saved_cs_client     = @@character_set_client */;
/*!50503 SET character_set_client = utf8mb4 */;
CREATE TABLE `ratings` (
  `id` int NOT NULL AUTO_INCREMENT,
  `rating` float DEFAULT NULL,
  PRIMARY KEY (`id`)
) ENGINE=InnoDB AUTO_INCREMENT=251 DEFAULT CHARSET=utf8mb4 COLLATE=utf8mb4_0900_ai_ci;
/*!40101 SET character_set_client = @saved_cs_client */;

--
-- Dumping data for table `ratings`
--

LOCK TABLES `ratings` WRITE;
/*!40000 ALTER TABLE `ratings` DISABLE KEYS */;
INSERT INTO `ratings` VALUES (1,9.3),(2,9.2),(3,9),(4,9),(5,9),(6,9),(7,9),(8,8.9),(9,8.9),(10,8.8),(11,8.8),(12,8.8),(13,8.8),(14,8.8),(15,8.7),(16,8.7),(17,8.7),(18,8.7),(19,8.7),(20,8.6),(21,8.6),(22,8.6),(23,8.6),(24,8.6),(25,8.6),(26,8.6),(27,8.6),(28,8.6),(29,8.6),(30,8.5),(31,8.6),(32,8.5),(33,8.5),(34,8.5),(35,8.5),(36,8.5),(37,8.5),(38,8.5),(39,8.5),(40,8.6),(41,8.5),(42,8.5),(43,8.5),(44,8.5),(45,8.5),(46,8.5),(47,8.5),(48,8.5),(49,8.5),(50,8.5),(51,8.5),(52,8.5),(53,8.5),(54,8.5),(55,8.4),(56,8.5),(57,8.4),(58,8.4),(59,8.4),(60,8.4),(61,8.4),(62,8.4),(63,8.4),(64,8.4),(65,8.4),(66,8.4),(67,8.4),(68,8.7),(69,8.4),(70,8.4),(71,8.4),(72,8.4),(73,8.4),(74,8.3),(75,8.4),(76,8.3),(77,8.3),(78,8.3),(79,8.4),(80,8.3),(81,8.3),(82,8.3),(83,8.4),(84,8.4),(85,8.4),(86,8.3),(87,8.3),(88,8.4),(89,8.3),(90,8.3),(91,8.3),(92,8.3),(93,8.3),(94,8.3),(95,8.3),(96,8.3),(97,8.7),(98,8.3),(99,8.3),(100,8.3),(101,8.3),(102,8.3),(103,8.3),(104,8.3),(105,8.3),(106,8.3),(107,8.3),(108,8.3),(109,8.3),(110,8.2),(111,8.2),(112,8.3),(113,8.3),(114,8.3),(115,8.3),(116,8.2),(117,8.2),(118,8.2),(119,8.2),(120,8.3),(121,8.3),(122,8.2),(123,8.2),(124,8.2),(125,8.2),(126,8.2),(127,8.3),(128,8.2),(129,8.3),(130,8.2),(131,8.2),(132,8.2),(133,8.2),(134,8.2),(135,8.3),(136,8.2),(137,8.2),(138,8.2),(139,8.2),(140,8.2),(141,8.2),(142,8.2),(143,8.2),(144,8.2),(145,8.2),(146,8.2),(147,8.2),(148,8.2),(149,8.2),(150,8.2),(151,8.2),(152,8.2),(153,8.2),(154,8.2),(155,8.2),(156,8.2),(157,8.2),(158,8.2),(159,8.2),(160,8.2),(161,8.2),(162,8.2),(163,8.2),(164,8.1),(165,8.2),(166,8.2),(167,8.1),(168,8.1),(169,8.1),(170,8.1),(171,8.1),(172,8.1),(173,8.1),(174,8.1),(175,8.2),(176,8.1),(177,8.1),(178,8.1),(179,8.1),(180,8.1),(181,8.1),(182,8.1),(183,8.1),(184,8.1),(185,8.1),(186,8.2),(187,8.2),(188,8.1),(189,8.1),(190,8.1),(191,8.1),(192,8.1),(193,8.1),(194,8.1),(195,8.1),(196,8.1),(197,8.1),(198,8.1),(199,8.1),(200,8.1),(201,8.2),(202,8.1),(203,8.1),(204,8.1),(205,8.1),(206,8.1),(207,8.1),(208,8.1),(209,8.1),(210,8.1),(211,8.1),(212,8.1),(213,8.1),(214,8.1),(215,8.1),(216,8.1),(217,8.1),(218,8.4),(219,8.1),(220,8.1),(221,8.1),(222,8.1),(223,8.6),(224,8.1),(225,8.1),(226,8.1),(227,8.1),(228,8.1),(229,8.1),(230,8.1),(231,8),(232,8.1),(233,8.2),(234,8.1),(235,8.1),(236,8.1),(237,8.2),(238,8.1),(239,8.1),(240,8.1),(241,8.1),(242,8.1),(243,8.1),(244,8.1),(245,8),(246,8),(247,8.1),(248,8),(249,8.2),(250,8.2);
/*!40000 ALTER TABLE `ratings` ENABLE KEYS */;
UNLOCK TABLES;

--
-- Dumping routines for database 'peli'
--
/*!40103 SET TIME_ZONE=@OLD_TIME_ZONE */;

/*!40101 SET SQL_MODE=@OLD_SQL_MODE */;
/*!40014 SET FOREIGN_KEY_CHECKS=@OLD_FOREIGN_KEY_CHECKS */;
/*!40014 SET UNIQUE_CHECKS=@OLD_UNIQUE_CHECKS */;
/*!40101 SET CHARACTER_SET_CLIENT=@OLD_CHARACTER_SET_CLIENT */;
/*!40101 SET CHARACTER_SET_RESULTS=@OLD_CHARACTER_SET_RESULTS */;
/*!40101 SET COLLATION_CONNECTION=@OLD_COLLATION_CONNECTION */;
/*!40111 SET SQL_NOTES=@OLD_SQL_NOTES */;

-- Dump completed on 2025-06-09 10:08:26
